title,price,availability,link,rating
In Her Wake,Â£12.84,In stock,in-her-wake_980/index.html,One
How Music Works,Â£37.32,In stock,how-music-works_979/index.html,Two
"Foolproof Preserving: A Guide to Small Batch Jams, Jellies, Pickles, Condiments, and More: A Foolproof Guide to Making Small Batch Jams, Jellies, Pickles, Condiments, and More",Â£30.52,In stock,foolproof-preserving-a-guide-to-small-batch-jams-jellies-pickles-condiments-and-more-a-foolproof-guide-to-making-small-batch-jams-jellies-pickles-condiments-and-more_978/index.html,Three
Chase Me (Paris Nights #2),Â£25.27,In stock,chase-me-paris-nights-2_977/index.html,Five
Black Dust,Â£34.53,In stock,black-dust_976/index.html,Five
Birdsong: A Story in Pictures,Â£54.64,In stock,birdsong-a-story-in-pictures_975/index.html,Three
America's Cradle of Quarterbacks: Western Pennsylvania's Football Factory from Johnny Unitas to Joe Montana,Â£22.50,In stock,americas-cradle-of-quarterbacks-western-pennsylvanias-football-factory-from-johnny-unitas-to-joe-montana_974/index.html,Three
Aladdin and His Wonderful Lamp,Â£53.13,In stock,aladdin-and-his-wonderful-lamp_973/index.html,Three
Worlds Elsewhere: Journeys Around Shakespeareâs Globe,Â£40.30,In stock,worlds-elsewhere-journeys-around-shakespeares-globe_972/index.html,Five
Wall and Piece,Â£44.18,In stock,wall-and-piece_971/index.html,Four
The Four Agreements: A Practical Guide to Personal Freedom,Â£17.66,In stock,the-four-agreements-a-practical-guide-to-personal-freedom_970/index.html,Five
The Five Love Languages: How to Express Heartfelt Commitment to Your Mate,Â£31.05,In stock,the-five-love-languages-how-to-express-heartfelt-commitment-to-your-mate_969/index.html,Three
The Elephant Tree,Â£23.82,In stock,the-elephant-tree_968/index.html,Five
The Bear and the Piano,Â£36.89,In stock,the-bear-and-the-piano_967/index.html,One
Sophie's World,Â£15.94,In stock,sophies-world_966/index.html,Five
Penny Maybe,Â£33.29,In stock,penny-maybe_965/index.html,Three
Maude (1883-1993):She Grew Up with the country,Â£18.02,In stock,maude-1883-1993she-grew-up-with-the-country_964/index.html,Two
"In a Dark, Dark Wood",Â£19.63,In stock,in-a-dark-dark-wood_963/index.html,One
Behind Closed Doors,Â£52.22,In stock,behind-closed-doors_962/index.html,Four
You can't bury them all: Poems,Â£33.63,In stock,you-cant-bury-them-all-poems_961/index.html,Two
